{
	"format_version": "1.10.0",
	"animation_controllers": {
		"controller.animation.player.sneakingVariable": {
			"states": {
				"default": {
					"transitions": [
	            {
              "walking": "(1.0)"
            }
          ],
          "on_entry": [
            "/function song"
          ]
        },
        "walking": {
          "transitions": [
            {
              "default": "(1.0)"
            }
          ],
          "on_entry": [
            "/function song"
          ]
        }
      }
    },
    "controller.animation.hold": {
      "states": {
        "default": {
          "transitions": [ { "hold": "query.get_equipped_item_name == 'map'" } ],
          "on_entry": [ "/setblock -75 5 -26 redstone_block" ]
        },
        "hold": {
          "transitions": [ { "default": "query.get_equipped_item_name == 'map'" } ],
          "on_entry": [ "/setblock -75 5 -26 redstone_block" ]
        }
      }
    },
    "controller.animation.hold1": {
      "states": {
        "default": {
          "transitions": [ { "hold1": "query.get_equipped_item_name('off_hand') == 'map'" } ],
          "on_entry": [ "/setblock -75 5 -26 redstone_block" ]
        },
        "hold1": {
          "transitions": [ { "default": "query.get_equipped_item_name('off_hand') == 'map'" } ],
          "on_entry": [ "/setblock -75 5 -26 redstone_block" ]
        }
      }
    },
    "controller.animation.nohold": {
      "states": {
        "default": {
          "transitions": [ { "nohold": "query.get_equipped_item_name != 'map' && query.get_equipped_item_name('off_hand') != 'map'" } ],
          "on_entry": [ "/setblock -75 5 -26 air" ]
        },
        "nohold": {
          "transitions": [ { "default": "query.get_equipped_item_name != 'map' && query.get_equipped_item_name('off_hand') != 'map'" } ],
          "on_entry": [ "/setblock -75 5 -26 air" ]
        }
      }
    },
    "controller.animation.jump": {
      "states": {
        "default": {
          "transitions": [ { "jump": "query.is_jumping" } ],
          "on_entry": [ "/setblock -75 5 -27 redstone_block", "/setblock -77 4 -28 air" ]
        },
        "jump": {
          "transitions": [ { "default": "query.is_jumping" } ],
          "on_entry": [ "/setblock -75 5 -27 redstone_block", "/setblock -77 4 -28 air" ]
        }
      }
    },
    "controller.animation.snek": {
      "states": {
        "default": {
          "transitions": [ { "snek": "query.is_sneaking" } ],
          "on_entry": [ "/setblock -75 5 -28 redstone_block" ]
        },
        "snek": {
          "transitions": [ { "default": "query.is_sneaking" } ],
          "on_entry": [ "/setblock -75 5 -28 redstone_block" ]
        }
      }
    },
    "controller.animation.nojump": {
      "states": {
        "default": {
          "transitions": [ { "nojump": "query.is_jumping == 0.0" } ],
          "on_entry": [ "/setblock -75 5 -27 air", "/setblock -77 4 -28 redstone_block" ]
        },
        "nojump": {
          "transitions": [ { "default": "query.is_jumping == 0.0" } ],
          "on_entry": [ "/setblock -75 5 -27 air", "/setblock -77 4 -28 redstone_block" ]
        }
      }
    },
    "controller.animation.nosnek": {
      "states": {
        "default": {
          "transitions": [ { "nosnek": "query.is_sneaking == 0.0" } ],
          "on_entry": [ "/setblock -75 5 -28 air"]
        },
        "nosnek": {
          "transitions": [ { "default": "query.is_sneaking == 0.0" } ],
          "on_entry": [ "/setblock -75 5 -28 air" ]
        }
      }
    }
  }
}
