{
	"format_version": "1.12.0",
	"minecraft:geometry": [
		{
			"description": {
				"identifier": "geometry.block",
				"texture_width": 64,
				"texture_height": 64,
				"visible_bounds_width": 2,
				"visible_bounds_height": 2,
				"visible_bounds_offset": [0, 1, 0]
			},
			"bones": [
				{
					"name": "lightsaber",
					"pivot": [0, 24, 0],
					"rotation": [-45, 0, 0],
					"cubes": [
						{"origin": [-1.5, 18, -1.5], "size": [3, 12, 3], "inflate": 0.25, "uv": [0, 0]}
					]
				},
				{
					"name": "block",
					"pivot": [0, 0, 0],
					"cubes": [
						{"origin": [-8, 0, -8], "size": [16, 16, 16], "uv": [0, 0]}
					]
				}
			]
		}
	]
}