{
    "format_version": "1.10.0",
    "minecraft:entity": {
        "description": {
            "identifier": "block:emerald",
            "is_spawnable": true,
            "is_summonable": true,
            "is_experimental": false
           },
           "components": {
              "minecraft:nameable": {
              "allowNameTagRenaming": true,
              "alwaysShow": true
            },
            "minecraft:health": {
            "value": 999999999,
            "max": 999999999
            },
			"minecraft:knockback_resistance": {
				"value": 1
			},
			"minecraft:damage_sensor": [
               {
                "cause": "all",
                "deals_damage": false
               }
            ],
            "minecraft:collision_box": {
                "width": 0.4,
                "height": 0.4
            },
            "minecraft:scale" : {
                "value" : 0.4
            },
            "minecraft:physics": {
            }
            },
            "events": {
                }
            }
        }
    }
}