{
    "format_version": "1.10.0",
    "minecraft:entity": {
        "description": {
            "identifier": "block:gold",
            "is_spawnable": true,
            "is_summonable": true,
            "is_experimental": false
           },
           "component_groups": {
            "gold": {
            "minecraft:economy_trade_table": {
            "display_name": "entity.entity.block:gold.name",
            "table": "trading/traders/gold.json",
            "new_screen": true,
            "persist_trades": true
                }
              }
           },
            "components": {
               "minecraft:type_family": {
               "family": ["villager", "mob"]
            },
            "minecraft:nameable": {
			    "allowNameTagRenaming": true,
				"alwaysShow": true
            },
            "minecraft:health": {
            "value": 999999999,
            "max": 999999999
            },
            "minecraft:behavior.trade_with_player": {
                "priority": 2
            },
           "minecraft:behavior.look_at_trading_player": {
                "priority": 3
            },
			"minecraft:knockback_resistance": {
				"value": 1
			},
			"minecraft:damage_sensor": [
                {
                 "cause": "all",
                 "deals_damage": false
                }
            ],
            "minecraft:collision_box": {
                "width": 0.4,
                "height": 0.4
            },
            "minecraft:scale" : {
                "value" : 0.4
            },
            "minecraft:physics": {
            }
            },
            "events": {
            "minecraft:entity_spawned": {
                "add": {
                    "component_groups": [
                        "gold"
                    ]
                }
            }
        }
    }
}